年月日,平均気温(℃),最高気温(℃),最低気温(℃),降水量の合計(mm),日照時間(時間),平均風速(m/s),最大風速(m/s),風向,最大瞬間風速(m/s),風向,最多風向(16方位),平均蒸気圧(hPa),最小相対湿度(％),平均湿度(％),天気概況(昼：06時〜18時),天気概況(夜：18時〜翌日06時)
2021/1/1,-1.9,0.9,-3.5,5.5,1.4,1.2,4.9,北東,6.9,北東,東北東,4.9,77,92,雪時々曇一時晴,晴時々曇
2021/1/2,-2.3,1.3,-4.5,0,0.1,1.7,6.8,北,10.6,北,東北東,4.6,73,89,曇時々雪一時晴,晴時々曇一時雪
2021/1/3,-2.5,0.7,-5.5,0,1.6,1.3,3.6,東,4.9,東北東,東,4.6,79,89,曇時々雪一時晴,晴時々曇一時雪
2021/1/4,-1.4,3.5,-5.3,0,4.4,1.1,3.2,東北東,4.3,東北東,東,4.9,72,89,曇一時雪後晴,晴後時々曇
2021/1/5,-0.6,2.7,-3,0,1.5,1,2.7,西南西,4,西南西,東,5.3,76,90,曇後一時晴,曇時々晴
2021/1/6,0.4,4.2,-2.7,0,7.4,2.2,6.2,北東,8.9,東北東,東北東,4.9,57,78,晴時々曇,曇時々晴
2021/1/7,-1.1,5.5,-4.6,0.5,3.1,2.7,8.1,南西,14.1,西南西,西,4.1,36,76,曇一時晴後時々雪,曇時々雪
2021/1/8,-3.8,-2,-5,1.5,0,1,2.6,東,4,東,東北東,4.1,78,89,曇時々雪,雪時々曇
2021/1/9,-2.7,0.8,-4.8,0,4,2,5,西,7.4,西,西北西,3.7,43,76,曇後一時晴,曇時々晴一時雪
2021/1/10,-2.8,1.1,-6.1,0,6.5,1.5,4.1,東北東,6.8,東北東,東北東,3.8,54,77,晴時々曇,晴後時々雪一時曇
2021/1/11,-1.4,2,-3.9,1,5,1.4,3.7,西南西,5.8,西北西,西,4.3,55,79,曇時々晴一時雪,曇
2021/1/12,-0.2,1,-1.6,0.5,0,1.9,6.1,西,9.7,西,南南西,4.9,52,82,曇時々雪,曇一時雪
2021/1/13,1.1,6.4,-2.2,0,6.7,1.5,4.2,東,6.4,東北東,南西,5.3,49,81,晴時々曇,晴
2021/1/14,1.4,9,-3.9,0,8.2,2.4,8.5,北東,12.9,北東,北東,5.6,55,83,晴後一時雨、みぞれを伴う,晴時々曇
2021/1/15,3.4,11.3,-2.9,0,7.8,1.9,4.5,南南西,7.6,南西,西南西,5.7,43,75,晴時々曇、霧を伴う,晴
2021/1/16,0.6,3.8,-1.9,11,1.3,2.5,6,東北東,9.1,東北東,東北東,5.8,71,91,みぞれ時々曇一時雪,曇時々晴一時雪、みぞれを伴う
2021/1/17,0.3,3.5,-1.9,0,1.4,2.3,4.6,北東,6.8,北東,東北東,4.9,63,79,曇,晴時々曇
2021/1/18,0.6,5.2,-2.8,0,6.1,1.5,3.6,西北西,6.1,西北西,西南西,4.7,51,75,晴時々曇,雪時々曇
2021/1/19,-2.3,-0.3,-4.4,3.5,3.7,4.6,10,東,14.1,東,東,4.4,72,85,曇時々雪一時晴,晴時々雪
2021/1/20,-2.3,2.8,-6.1,0,8.2,2.1,4.6,北,7.9,北北東,西,3.8,50,74,晴時々曇,晴
2021/1/21,-1.2,5.8,-6.7,0,9.1,1.4,4.4,西南西,5.8,南西,東北東,4.3,48,78,晴時々曇,晴
2021/1/22,1.4,6.3,-3.8,0,3.5,0.9,2.2,南西,4,西南西,東南東,5.9,56,87,曇時々晴後一時雨、みぞれを伴う,曇時々晴
2021/1/23,2.7,4.4,0.8,3.5,0,1.5,3.8,東南東,5.5,東南東,東北東,6.5,68,88,曇後時々みぞれ,みぞれ後時々雨
2021/1/24,4,6.4,1.5,10.5,0,2.6,6.2,西南西,10.2,南西,南西,7.4,80,91,雨後時々曇,曇時々雨
2021/1/25,4.1,9.4,-0.1,0,6.2,1.2,3.3,東南東,5.1,東南東,東南東,6.9,56,86,曇時々晴,晴一時曇
2021/1/26,5,10.8,-2.4,0,5.9,3.4,8.3,西南西,12.1,南西,西南西,5.5,37,67,曇時々晴,雨時々曇
2021/1/27,5.2,9.6,2.2,1,2.6,3.6,9.5,北,15.4,北北東,北北東,7.2,65,81,曇後一時雨、みぞれを伴う,曇
2021/1/28,3.1,7.6,-0.7,0,2.6,3.3,8.3,西南西,14,南西,西南西,5.4,52,71,曇後一時雨,晴後時々曇一時雪、みぞれを伴う
2021/1/29,-0.4,6.1,-3.3,0.5,0.5,3.2,11.1,西北西,19.4,西,南西,4.5,50,76,曇時々雪,雪時々曇一時晴
2021/1/30,-0.8,3.9,-5.6,0,7.9,2.5,7.5,東,10.9,東,東北東,3.5,29,63,晴時々曇,曇後時々雪一時晴
2021/1/31,-0.8,2.6,-4.1,0.5,3,3.2,7.9,東,12.4,東,東北東,5.1,65,88,雪時々曇、みぞれを伴う,晴
2021/2/1,3.8,11,-5.5,0,6.1,3.8,8,西,12.1,西,西,5,33,65,晴後時々曇一時雨,雨
2021/2/2,2.9,7.7,-1.7,6.5,1,3.2,9.6,東,15,東,東北東,6.8,72,89,曇時々雨、みぞれを伴う,晴後曇一時雪
2021/2/3,0,4,-2.3,0,3.9,1.7,6,東,10.2,東,東,4.5,31,75,曇時々晴一時雪,晴時々曇
2021/2/4,-0.6,3.5,-4.4,0,0.6,1.8,6.3,西南西,9.6,南,北東,4.8,47,82,曇後時々みぞれ一時雪,曇一時雪
2021/2/5,1.3,7.4,-3.6,0,9.2,1.5,4.1,東北東,6.4,東,北,4.5,37,70,晴時々曇,曇後晴
2021/2/6,3.4,12.8,-3.5,0,9.6,2,6.6,北,12.1,北,東,5,27,68,晴,晴
2021/2/7,2.2,10.5,-2.2,0,4.8,2.2,6.5,北,10.2,西,東北東,5.9,49,84,晴後時々雨、みぞれを伴う,みぞれ後曇時々雪
2021/2/8,-0.9,1.6,-3.4,1.5,2.6,3.7,6.9,北,10.6,東,東北東,4.7,56,82,曇一時雪,雪時々曇一時晴
2021/2/9,-2.7,2.5,-5.7,0,4.7,1.8,5.1,北東,7.5,東北東,東北東,3.9,55,78,曇時々晴一時雪,晴時々曇一時雪
2021/2/10,0,6.8,-6,0,9,1.7,5.3,東,8,東,東北東,4.3,44,72,晴後一時曇,曇一時晴後時々雪、みぞれを伴う
2021/2/11,1.5,6.1,-1.4,3.5,1.4,2.3,8.4,北東,12.6,北東,東北東,5.8,61,86,曇一時雪後時々晴、みぞれを伴う,曇一時晴
2021/2/12,2.1,9.2,-3,0,4.9,1,2,東北東,3.3,東北東,東,5.5,51,79,曇時々晴,晴時々曇
2021/2/13,5.6,14.7,-2.3,0,9.3,1.4,3.6,北,5.6,北北東,東北東,5.6,37,65,晴,晴
2021/2/14,NaN,NaN,NaN,0,9.4,2.1,6.5,西南西,10.3,南西,西南西,6.5,29,64,晴後一時曇,曇時々晴後一時雨
2021/2/15,6.7,11,4.4,32.5,0,2.5,6.5,西北西,9.3,西,西北西,8.7,60,89,雨,雨後一時みぞれ
2021/2/16,2.3,6.9,-1.1,2.5,2.7,3,9.9,西,17,西,西北西,5,29,71,曇時々晴、みぞれを伴う,雪時々曇
2021/2/17,-1.9,0.1,-4.1,13.5,0.1,2.1,4.9,東北東,8.2,東北東,東北東,5,87,95,雪,雪時々曇
2021/2/18,-2.7,0.3,-5,0.5,1.8,1.3,3.3,北,5,北,東,4.2,51,85,曇時々雪,曇時々雪後一時晴
2021/2/19,-0.3,5.2,-5.5,0,9.9,1.4,3.9,東北東,5.9,北東,西南西,4.5,47,77,晴後一時曇,晴
2021/2/20,4.4,13.5,-5,0,9.8,2.3,7.8,西,13.9,西,西南西,5.2,26,66,晴時々曇,晴時々曇一時雨
2021/2/21,8.3,19,1.2,0,10,1.9,6.6,北,9.7,北,北,6.8,22,67,晴時々曇,晴
2021/2/22,8.5,19.1,0.8,0,10,2,7.2,北,11.4,北,東,6.9,29,66,晴一時曇,晴後雨
2021/2/23,2.5,8.3,-2,4.5,4.6,4.3,8.6,北東,12.7,北東,東北東,5.9,54,80,曇一時雨後時々晴、みぞれを伴う,晴時々雪
2021/2/24,-0.7,4,-3,0,6.5,4,7.8,東北東,12.4,東,東北東,4.3,46,74,晴時々曇一時雪,晴一時雪
2021/2/25,0.8,7.1,-4.8,0,8,1.9,5.4,東,8.6,東,東,4,39,64,晴時々曇,曇一時晴
2021/2/26,1.4,4.9,-1.3,0,0,3,6.4,北,10.5,北,北,4.7,54,69,曇,曇後雪
2021/2/27,-0.9,3.2,-3.5,0,4.4,3.7,8.7,北東,12.7,東北東,東北東,4.1,43,73,雪後晴,晴
2021/2/28,2.8,12.8,-6.1,0,10.3,1.8,5.9,西南西,8.6,西南西,東北東,3.8,26,55,晴時々曇,晴一時曇
2021/3/1,9.7,18.3,0.2,0,9.9,3.7,8.2,西南西,12.7,西南西,西南西,5.5,26,48,晴後時々曇,曇時々晴
2021/3/2,8.1,18.5,0.2,21,0,5.2,8.2,東北東,13.4,東北東,西南西,7.8,46,74,曇後時々雨、みぞれを伴う,雪時々曇一時晴
2021/3/3,-0.1,3.7,-2.3,0,5.6,3.4,7.9,北,13.6,北,北東,4.7,59,78,曇時々晴一時雪,晴時々曇
2021/3/4,6.2,14.2,-2.2,0,5.1,3.4,8.1,西,12,西,西,5.5,37,61,曇時々晴,曇後一時晴
2021/3/5,8.5,12.2,4.5,0.5,1,3.5,6.7,西,11.1,西北西,西,7.6,48,68,曇一時晴後雨,曇時々晴
2021/3/6,4.7,9.3,0.4,0,0.2,3.7,9.3,北北西,14.3,北北西,北東,7.3,64,84,曇一時雨、みぞれを伴う,曇、みぞれを伴う
2021/3/7,2.6,9.4,-0.6,0,8.5,2.7,7.2,北北東,10.5,北,北北東,4.9,44,67,晴時々曇,曇時々晴
2021/3/8,2.1,7.5,-0.3,0,3.1,2.5,7.5,北,11.8,北,北,5.3,57,75,曇後時々晴,晴時々曇
2021/3/9,6.2,16.4,-2.3,0,10,1.5,5.9,北,8.7,北,北,5.8,33,65,晴後一時曇,曇後時々晴
2021/3/10,4.1,9.2,-0.9,0,8.3,3.2,8.4,東北東,15.7,北東,北北東,5.6,40,69,晴一時曇,晴
2021/3/11,5.2,16.1,-2.9,0,10.7,1.6,5.6,北,8.1,北,西北西,4.3,13,55,晴,晴後曇
2021/3/12,7.6,12.5,2.2,0,0.4,1.8,7.6,西北西,10.9,西,北北東,6.2,44,60,曇,雨時々曇
2021/3/13,8,12,5.4,4.5,0.6,4.7,10.3,西北西,15.9,西北西,西北西,8.6,66,80,雨後曇,晴時々雨一時曇
2021/3/14,6.6,11.7,2,0,8.5,5.1,9.6,東北東,15,東北東,東北東,6.1,33,64,晴一時雨,晴後時々曇
2021/3/15,5.9,12.2,0.5,NaN,8.3,2.5,7.8,東,11.5,東,東北東,5.8,44,64,晴一時曇,晴後時々曇
2021/3/16,8.5,18.8,0.6,0,6.4,2.9,11.6,東北東,15.9,東北東,北東,6.6,29,63,晴時々曇一時雨,曇時々晴一時雨
2021/3/17,4.6,9,0.4,0,8.1,4.1,8.5,北,13.6,北,北,6,49,71,曇一時雨後晴,晴後時々曇
2021/3/18,4.7,13.6,-0.9,0,9.9,2.1,6.3,北,10.9,北東,北,5.6,35,68,晴一時曇,曇時々晴
2021/3/19,5.7,13.8,-0.5,0,7.1,1.6,4.3,北北東,7.8,北,西北西,5.4,26,63,晴時々曇,晴時々曇
2021/3/20,10.2,20,0.5,2,8.2,3.7,8.5,南西,12.5,西南西,西南西,7.8,31,65,晴時々曇,雨後時々曇
2021/3/21,13,18.7,7.1,19,0.9,5.4,9.6,西南西,14.4,南西,西南西,11.7,60,78,雨時々曇,雨後曇一時晴
2021/3/22,5.6,11.5,0.6,0,5.8,3.9,8.4,東北東,13.7,東北東,東北東,6,33,67,晴時々曇一時雨,晴時々曇
2021/3/23,5.4,12.7,-1.7,0,11.4,1.9,4.8,東,8.3,東,北,5,30,60,晴,晴
2021/3/24,8.8,19.6,-0.5,0,10.7,1.9,7,北,11.3,北,東北東,6.1,25,58,晴,曇時々晴
2021/3/25,9.1,15.6,4.2,0,0.4,1.6,6.1,北北西,10.6,北,北東,7.4,38,65,曇後一時雨,晴
2021/3/26,5.8,12.3,1.5,2.5,6.2,2.6,8.6,北東,13.2,東北東,北東,7,44,76,晴後時々雨一時曇,晴時々曇
2021/3/27,9.9,18.9,0.7,0,7.9,2.8,7.8,西南西,12.8,西南西,西南西,6.4,22,58,晴時々曇,曇
2021/3/28,14.3,18,10.4,5,0,4.9,7.7,西南西,13.9,西南西,西南西,9.7,45,60,曇時々雨,雨後晴時々曇
2021/3/29,14.3,23.9,9.6,0,8.3,3,7.6,北,12.8,北東,北北東,11.7,31,75,晴時々曇,曇時々晴
2021/3/30,12.7,20.2,7.7,0,5.1,2.5,8.3,北北西,15.1,北,東,10.2,45,71,曇時々晴,曇時々晴
2021/3/31,10.5,16.3,5,0,10.9,4.1,9,北,14.6,北,北,7.7,35,62,晴,晴
2021/4/1,9.4,18.8,1.9,0,11.2,2.1,6.8,東北東,10.6,東北東,東,6.4,27,58,晴後一時曇,晴後一時曇
2021/4/2,12.9,21,4.4,0,10.1,3.5,7.2,西南西,11.2,南西,西南西,9,38,62,晴,曇後一時晴
2021/4/3,15.9,22,12.1,0,8.7,4.8,7.1,西南西,11,南西,西南西,10,39,56,晴後一時曇,曇時々晴
2021/4/4,15.7,19.4,12,0,0.1,3.9,7.7,西,10.8,西,西,11.8,51,66,曇時々雨,雨時々曇
2021/4/5,6.2,14.4,1.2,1,2.9,4.8,10.3,北北西,16,北北西,北東,7.5,57,77,曇一時雨後時々晴,晴
2021/4/6,8.7,17.8,-1.1,0,10.7,2.8,6.7,南西,10.7,西南西,南西,5.7,15,56,晴時々曇,曇時々晴
2021/4/7,9.7,16.6,5.6,0,11.4,3.9,8.1,北北東,14.6,北北東,北北東,7.1,34,61,晴,晴
2021/4/8,7.4,16.6,1.9,0,9.2,3.3,9.2,北北西,15.2,北北西,北,6.6,29,67,晴後時々曇,曇一時雨後時々晴、みぞれを伴う
2021/4/9,4.1,10.5,0.5,0,7.5,3.6,8.9,東,15,北,北北東,5.5,36,68,晴後一時みぞれ,晴時々曇、みぞれを伴う
2021/4/10,4.3,11.4,-2.1,0,10.3,2.8,8.1,北,13.6,北,東,5.2,39,65,晴一時曇,晴
2021/4/11,8.1,18.1,-0.3,0,12,2.3,7.7,北,11.9,北西,東,5.8,23,58,晴,晴後一時曇
2021/4/12,12.8,22.4,3.8,0,10.3,3.5,7.1,西南西,11,南西,西南西,7.2,24,51,晴時々曇,曇
2021/4/13,15.3,20.1,11.7,0,1.6,5.4,7.7,南西,14.8,南西,西南西,10,42,58,雨時々曇,雨時々曇一時晴
2021/4/14,8.5,15,3.6,1,0,5.1,10.7,北,17,北,北北東,8.9,66,79,曇時々雨,曇一時雨後晴
2021/4/15,8.1,16,0.7,0,11.4,2.6,5.7,西南西,9.2,西,北北東,5.1,19,52,晴後一時曇,曇後一時晴
2021/4/16,12.8,18,7.7,0,7.3,5.6,8.3,南西,12.3,南西,西南西,7.5,38,51,曇時々晴,曇一時晴後時々雨
2021/4/17,11.4,12.8,9.4,32.5,0,4.4,6.8,西,10.5,南西,西南西,11.3,58,84,雨,雨後曇時々晴
2021/4/18,8,12.1,4.2,8,8.1,3.3,9.6,西,16,西,西,7.8,43,75,雨時々晴,雨時々曇後晴
2021/4/19,9.2,16.8,1.9,0,11.6,2.1,4.4,北北西,7.3,東,西,6.5,27,60,晴,晴
2021/4/20,13.6,24.2,3.6,0,12,2.2,6.8,北西,11.7,北西,北西,6.8,13,49,晴,晴一時曇
2021/4/21,12.8,20.7,6.2,0,12.2,3.3,8.5,北,12.5,北,北,7,24,50,晴,晴
2021/4/22,12.1,22.7,3.4,0,12.2,2.8,8,北,14.5,北,北,5.1,13,40,晴,晴
2021/4/23,12.4,22.6,2.9,0,12.1,2.6,7.1,北,11.4,北,東北東,5.6,13,43,晴,曇時々晴
2021/4/24,14.3,24.1,5.9,0,11.7,2.3,7.5,北,13.3,北,北,8.7,19,56,晴一時曇,曇時々晴
2021/4/25,10.4,15.9,3.2,0,4.7,3.8,8.5,北,14,東北東,北北東,9.1,51,71,曇後時々晴,晴時々曇
2021/4/26,6.6,12.6,2,0,10.7,3.9,9.4,東北東,16.3,北東,北北東,5.2,27,55,晴一時曇,晴一時曇
2021/4/27,10.6,22,0.2,0,10.7,1.6,6,北,8.2,北,西,6,18,52,晴時々曇,曇時々晴
2021/4/28,13.9,21.8,7.4,0.5,1.8,1.9,4.9,西,7.2,西北西,西,10.4,42,66,曇後一時雨,雨時々曇
2021/4/29,12.4,14.5,9.9,31,0,1.4,4.3,北,8,北,東,13.9,89,96,雨,雨後晴一時曇
2021/4/30,12.7,20.9,7.4,0,7.4,2.2,6.7,北西,13.4,北西,東,10.7,30,75,晴後時々曇一時雨、雷を伴う,晴時々曇一時雨
2021/5/1,11.8,22.5,4.9,14.5,3.6,2.4,7.2,南南西,0.0,南南西,南西,10.4,34,78,曇時々雨一時晴、雷を伴う,雨時々曇一時晴
2021/5/2,10.6,17.3,5,1,6,3.7,9.5,北,0.0,北,西,9.1,39,73,晴後曇時々雨,曇一時雨後晴
2021/5/3,9.8,17.7,3.2,0,7.8,2.1,12.5,西,0.0,西北西,西,7.2,22,63,晴時々雨一時曇,晴時々曇
2021/5/4,14.5,24.3,4.4,0,11.6,1.6,5.3,西南西,8.3,西南西,西,7.9,15,53,晴後一時曇,曇時々晴
2021/5/5,18,21.8,11.7,0,0.3,5,8.1,南西,16.8,南西,西,10.2,26,50,雨時々曇,曇時々雨
2021/5/6,17.1,24.4,10.8,0.5,10.4,2.9,6.2,北,10.2,北,北,10,28,54,晴時々曇,曇
2021/5/7,16.5,20.7,12.9,0,1,3,6.3,西,10.7,西,西,11.6,39,63,曇後時々雨,晴時々曇後一時雨
2021/5/8,16.1,25,9.8,0,7.6,2.1,6.8,北,10.8,北,北,12.8,37,71,晴後曇,曇後時々晴
2021/5/9,14.8,23.3,9.4,0,7.7,2.4,7,東北東,10.6,東北東,東北東,11.6,39,71,曇一時雨後晴,晴
2021/5/10,12.9,20.7,5.8,0,7.6,2.6,6.9,東北東,11.6,東,北,8.2,26,57,晴後曇一時雨,曇一時雨
2021/5/11,12.8,18.8,8,0,8.2,3.1,10.5,北北西),15.6,北北西),北北東,9,42,61,晴時々曇,曇
2021/5/12,14.5,21.5,5.3,0,7.3,4.4,8.1,南西,13.1,西南西,西南西,9.1,36,57,晴後曇一時雨,曇後一時雨
2021/5/13,18.2,24.9,14.3,0,4.1,4.9,7.2,西南西,11.1,西南西,西南西,12.3,42,59,曇後一時晴,晴一時曇
2021/5/14,18.8,26.5,12.1,0,10.7,2.8,7.5,北,11.5,北,西南西,13.3,42,63,晴時々曇,曇時々晴
2021/5/15,20.9,28.9,13.2,0,9.6,4.3,9.1,西,13,西,西南西,15.2,41,63,晴時々曇,曇時々晴後一時雨
2021/5/16,19.2,21.5,15.6,3.5,0.3,5.6,8.6,西,13.8,西,西,15.6,59,70,雨時々曇,曇後時々雨
2021/5/17,20.4,25.2,16,8,0.4,2.6,6.3,西北西,9.9,西南西,北北東,20.5,68,85,雨時々曇,雨時々曇
2021/5/18,17.7,22.9,14.7,1,1.8,2,5.7,北北西,9.3,北,東北東,16.7,65,83,曇後一時雨,曇時々雨
2021/5/19,18,20.1,15.8,0,0.1,1.4,3.8,北北東,5.6,北,東北東,18,79,87,曇時々雨,曇
2021/5/20,17.5,24.2,14.8,5,1.1,4,10.4,西,14.9,西,西,15.7,28,80,曇後雨,雨
2021/5/21,17.9,22,15.7,35,0,2,7.1,西,12.7,西,北東,19.1,82,93,雨後時々曇,曇一時雨
2021/5/22,16.9,23.1,13,0,3.6,2.1,5.6,北北西,8.6,北,北,15.4,57,81,曇後一時雨,曇時々晴
2021/5/23,16.4,24,11.7,0,9.1,2.6,7.1,北,12.7,北,北北東,13.9,47,76,晴一時曇,曇時々晴
2021/5/24,17.6,23.9,11.6,0,2.2,1.8,9.6,北北西,14.3,北北西,北東,14.4,46,73,曇後時々雨,曇時々雨
2021/5/25,17.5,22.7,12.6,1.5,5.3,2.6,6.3,北,10.2,北,北東,14.2,50,72,曇一時雨,雨後晴
2021/5/26,15,20,9,0,9.2,2.8,6.4,北,10.5,北,北,11.2,43,67,曇時々晴,曇後一時雨
2021/5/27,14.6,16.5,12.4,12.5,0,4.1,9.2,西,14.4,西,西,13.7,69,83,雨後一時曇,曇時々晴一時雨
2021/5/28,18,26,11.3,0,8.6,2.2,5.7,西,10,西北西,東北東,14.9,43,75,晴時々曇,曇後一時晴
2021/5/29,19.6,27.5,14,0,10.1,3.3,6.5,北,11.9,北,北北東,13,23,58,晴,曇一時晴
2021/5/30,16.3,21.9,11.7,0,9.2,3.5,8,北,14,北,北北東,12.9,50,70,晴一時曇,晴後時々曇
2021/5/31,16.4,25.3,10.5,0,9.9,2.8,10,北北西,15.8,北北西,北,11.9,28,66,晴後一時曇、雷を伴う,晴時々曇一時雨
2021/6/1,18.7,27.3,10.4,0,13.3,1.9,6,北,9.3,北,西,12.1,22,59,晴,曇一時晴
2021/6/2,21.9,28.6,18,0,9.8,2.9,5.7,北北西,10.2,西南西,西南西,14.5,24,57,晴時々曇,曇時々晴
2021/6/3,21.9,26.3,18.7,0,6.7,4.8,8.5,南西,13.3,南西,南西,14.6,44,56,曇時々晴,曇時々雨
2021/6/4,18.8,21.5,15.3,26.5,0,5.3,9.3,西南西,15,西南西,西南西,17.8,53,83,雨,曇一時雨
2021/6/5,19.5,25.8,13.6,0,10,1.8,5.6,北,9.3,北,西,16.6,50,75,晴時々曇,曇
2021/6/6,20.2,27.4,15.7,0,2.7,1.7,5,北北西,7.3,南西,北北西,14.5,31,63,曇後一時晴,曇
2021/6/7,21.7,29.8,16.6,0,8.7,1.9,6.8,北北西,10.5,北北西,西北西,16.4,36,65,曇時々晴,晴時々曇
2021/6/8,19.5,25.1,15,0,2.9,2,5.6,北,9.1,北北西,北,15.6,47,70,曇時々晴,晴
2021/6/9,20.5,28.7,12.6,0,13.1,2.5,6.3,北北西,10.8,北北西,北,14.4,34,62,晴,晴
2021/6/10,23.3,32.1,14.6,0,12.8,2.2,5.8,北,8.7,北北西,西南西,15,30,54,晴,晴
2021/6/11,24,29.9,18.1,0,11.1,4.8,7.8,南西,12.2,西南西,西南西,15.3,30,53,曇時々晴,曇後一時雨
2021/6/12,22.7,29.4,19.3,0,6.8,2.9,6.4,北北西,10.3,北北西,南西,16.3,33,60,曇一時雨後晴,曇
2021/6/13,20.5,24.5,18.2,3.5,0.7,1.5,4.9,北北西,7.1,北北西,東北東,19.6,66,81,曇時々雨、雷を伴う,曇時々雨、雷を伴う
2021/6/14,21.5,25.8,19,0,2.6,1.7,5.2,北,8.5,北北西,北北西,20.6,60,81,曇後一時雨、雷を伴う,曇、雷を伴う
2021/6/15,22.9,30.9,18.7,0,10.1,2.4,9.2,北北西,13.1,北北西,東北東,18.7,33,69,晴時々曇、雷を伴う,曇
2021/6/16,20.7,28.3,17.5,10.5,5,3.4,8.2,西,12.6,西,南西,18.3,47,76,曇時々晴後雨、雷を伴う,雨後曇時々晴
2021/6/17,20.2,27.3,14.7,0,11.2,2.7,8.7,北北西,12.8,北北西,北,17.1,43,74,晴、雷を伴う,晴時々曇
2021/6/18,21.9,27.8,16.8,0,6.7,2,5.3,北北西,8.7,北北西,北北西,17.3,37,68,曇時々晴,曇後雨
2021/6/19,18.9,21.6,18,14.5,0,3.4,7.6,西,11,西,西南西,19.1,71,88,雨後一時曇,曇一時雨
2021/6/20,19.5,25,14.6,0,5.4,3.1,7.1,北,11.9,北北東,東北東,17.8,52,79,曇,曇時々晴
2021/6/21,20.6,28.8,14,0,9.8,2.2,5.6,北北西,9.4,北,西南西,15,23,65,曇時々晴,曇時々晴
2021/6/22,20.9,27.4,17.7,30.5,3.8,2.2,9.4,北西,12.7,北西,北北東,19.2,52,79,曇一時晴後時々雨、雷を伴う,曇時々雨
2021/6/23,19.3,26.3,17.4,4.5,1.4,1.5,7.1,北北西,10.3,北北西,東,19.6,59,88,曇後雨一時晴、雷を伴う,曇一時雨
2021/6/24,20.2,26.8,17.1,2.5,7.1,2,8.1,北北西,10.9,北北西,北,19,45,82,晴一時曇後時々雨、雷を伴う,曇時々雨一時晴
2021/6/25,20.5,27.8,16.9,26,7.3,2,5.4,北,10.3,南南西,西南西,19.1,48,81,曇一時晴後時々雨、雷を伴う,雨後曇、雷を伴う
2021/6/26,21.5,27.5,17,21,4.9,1.5,7.7,北,14.8,北,西北西,20.7,51,82,曇時々晴一時雨、雷を伴う,雨時々曇、雷を伴う
2021/6/27,21.2,25.2,18.6,1,0.5,2,4.5,西北西,6.5,西,西,20.6,62,82,曇時々雨,×
2021/6/28,22.1,29.3,18,2.5,6.2,2.1,4.7,北北西,8.5,北北西,西南西,20.5,46,78,晴時々曇一時雨,雨時々曇
2021/6/29,20.8,26.1,18.1,16,1.6,2.6,5.8,南西,8.2,西南西,南西,21.6,60,89,曇時々雨、雷を伴う,曇一時雨、雷を伴う
2021/6/30,22.4,27.6,18.8,0,4.9,3.5,7.3,西南西,12.1,西南西,西南西,20.2,55,76,曇一時雨、雷を伴う,曇後時々雨
2021/7/1,22.7,27.6,20,0,4.2,5.1,9.5,西,14.8,西北西,西南西,19,51,69,曇一時雨,曇後一時雨
2021/7/2,22,25.5,18.5,15.5,0.8,3.7,7.7,西南西,12.2,西南西,西南西,21.6,67,83,曇一時雨,雨時々曇、雷を伴う
2021/7/3,24.2,30.1,20.4,0,6.4,1.9,6.6,北北西,10.3,北北西,北北東,24.4,59,82,曇時々晴一時雨,曇後一時雨
2021/7/4,22.4,23.4,20.2,3.5,0,3.1,5.8,南西,9.8,南西,西南西,22.8,74,84,雨時々曇,雨時々曇
2021/7/5,21.9,26,19.3,17.5,0.4,1.4,3.5,西南西,4.9,西南西,東北東,24.5,76,94,雨後曇,曇時々雨
2021/7/6,22.6,25.4,20.8,0.5,0,1.7,6.3,西,9.2,西,東,24.5,75,90,曇時々雨,曇時々雨
2021/7/7,23.7,30.2,20.5,0,4.1,2.4,7,北北西,11.3,北北西,北東,24.2,58,84,曇時々晴一時雨,曇後一時雨
2021/7/8,22.7,25.1,21.2,6.5,0,1.4,5.4,西,8.8,西,西,25.1,83,91,雨時々曇,曇時々雨
2021/7/9,23.3,26.2,21.3,3.5,0,1.9,4.5,南西,7.3,南西,西南西,25.8,75,90,雨時々曇,雨時々曇
2021/7/10,24.2,29.8,21.7,23.5,4.2,1.8,6.6,北,10.9,北,北,26.7,66,90,曇時々雨一時晴、雷を伴う,曇一時雨
2021/7/11,23.3,29.7,20.6,3.5,4.8,1.6,6.8,北北西,12.4,南西,西南西,24.8,57,88,曇時々雨一時晴、雷を伴う,曇時々晴一時雨
2021/7/12,23.1,28.6,20.3,7.5,3.4,1.7,6.1,北北西,9.4,北北西,西北西,24.1,62,86,曇時々雨、雷を伴う,曇時々雨、雷を伴う
2021/7/13,23.6,29.2,20.5,0.5,5.2,2.2,7.5,北北西,13.8,北,西,24.3,59,84,曇一時雨後晴、雷を伴う,曇一時雨、雷を伴う
2021/7/14,24,30.8,20,2.5,7,1.9,5.8,北,9.2,北,西,23.5,50,81,晴後曇時々雨、雷を伴う,曇一時雨、雷を伴う
2021/7/15,25.3,30.7,22.3,0,6.8,3.8,6.6,西,11.1,西南西,西,22.3,50,70,晴後曇一時雨、雷を伴う,曇時々晴
2021/7/16,26.5,33.1,20.1,0,10.3,2.9,6,西南西,9.4,西,西南西,23.7,47,70,晴時々曇,曇時々晴
2021/7/17,28,34.9,22.6,0,13.2,3.2,5.6,西南西,9.3,西南西,南西,22.7,34,62,晴,晴
2021/7/18,27.6,35.4,21.3,0,13.1,2.2,6.1,北北西,9.4,北,西,24.7,35,69,晴,晴一時曇、雷を伴う
2021/7/19,28,34.7,22.7,0,12.3,1.8,4.8,北北西,7.8,北,北,26.4,45,71,晴、雷を伴う,晴一時曇
2021/7/20,27.6,34.2,22.3,0,9.4,1.8,5.6,北,8.4,北,南西,26,47,72,晴後一時曇、雷を伴う,晴時々曇
2021/7/21,27.5,35.3,22.8,0,11.1,1.9,5.2,北,8.9,北北西,西南西,25.6,44,71,晴、雷を伴う,晴
2021/7/22,27.2,33.4,21.7,0,11.6,1.9,5.5,北,8.5,北,北,25.4,51,71,晴、雷を伴う,晴後時々曇、雷を伴う
2021/7/23,27.2,33.7,23,0,8.5,2.1,9,北北西,12.8,北北西,北,25.6,43,72,晴一時曇、雷を伴う,晴時々曇
2021/7/24,27.4,34.1,23,0,9.6,2,6.1,北,9.5,北,西,25,42,70,晴後時々曇,晴時々曇
2021/7/25,27.6,33.2,23.8,0,11,2.7,5.7,北,9.6,北,西南西,25,48,69,晴後一時雨,晴時々曇
2021/7/26,26,32.1,22.1,0,8.7,2.9,7.8,北,13.7,北北東,北,24.4,51,74,晴後時々曇,曇後一時雨
2021/7/27,22.1,23.2,21.2,7,0,1.5,3.7,東,5.9,東,東,24.5,78,92,雨時々曇,曇時々雨一時晴
2021/7/28,25.2,31.1,21.2,0,9.2,2.2,6.9,北北西,10.9,北北東,北,25.3,55,80,晴一時曇、雷を伴う,曇時々晴、雷を伴う
2021/7/29,24.8,32.4,21.5,23,5.2,2.1,8.5,北,15.9,北,西北西,25.5,50,83,曇一時晴後時々雨、雷を伴う,曇一時雨後時々晴
2021/7/30,25.6,32,20.8,0,9.1,2.2,7.7,北北西,12.5,北西,北,25.3,55,79,晴、雷を伴う,曇時々晴一時雨、雷を伴う
2021/7/31,26.3,31.9,22.4,0,7.6,2.2,6.5,北,10.3,北,北北東,25.9,54,77,晴時々曇、雷を伴う,曇一時雨、雷・霧を伴う
2021/8/1,26.9,33,23.3,0,6.3,2.1,7.4,東北東,11.3,北東,西,26.4,53,75,曇時々晴、雷を伴う,曇後一時晴
2021/8/2,28.7,34.6,23.6,0,10.2,3.1,5.8,西南西,10.9,南西,西南西,23.9,39,62,晴時々曇,曇後晴
2021/8/3,30.1,35.5,26.5,0,8.2,4.5,6.7,西南西,11.2,南西,西南西,25.3,41,60,晴時々曇,晴時々曇
2021/8/4,29,35.2,24.9,0,12,2.9,6.8,北,11.5,北,北,26.8,49,67,晴、雷を伴う,晴時々曇
2021/8/5,28.2,36.1,24.1,0,7.6,1.8,7.8,北北西,12,北北西,西,27.6,47,74,晴後時々曇、雷を伴う,曇後晴
2021/8/6,29.8,37.3,23.8,0,12.2,3.5,6.7,東,9.8,南西,西南西,22.4,26,56,晴,曇時々晴一時雨
2021/8/7,29.3,35.1,25.8,0,6.2,3.5,6.4,南西,11.7,南西,西南西,25.1,43,62,晴時々曇,曇
2021/8/8,27.5,34.2,24.1,0,4.9,2.6,6.5,北,11.5,北北東,東北東,27.1,51,74,曇一時雨,曇時々晴
2021/8/9,27.5,32.4,24.3,2,1.9,3.2,7.1,南,14.2,南東,西南西,25.9,52,72,曇時々雨,曇後時々雨一時晴
2021/8/10,26.6,33.3,21.7,0,5.7,3.9,8,東,13.1,西南西,東,22.9,42,67,曇一時雨後晴,晴一時雨後時々曇
2021/8/11,24.9,30.4,21.3,0,6.2,1.7,4.5,北北西,8.2,北北西,北,22.6,45,73,曇,曇後一時雨
2021/8/12,24.2,28,21.5,9,1,1.7,3.8,南西,6.5,西南西,北北東,24,56,80,曇時々雨,雨時々曇
2021/8/13,19.7,21.7,18.2,52.5,0,2,6.2,南西,9.7,西南西,西南西,21.8,83,95,大雨,雨
2021/8/14,19.6,21.9,18.9,83,0,1.1,2.6,南西,4,南南東,南,22.8,93,100,大雨,大雨
2021/8/15,21.5,25.8,18.8,27.5,0.6,1.1,3,西北西,4.3,南南西,西,22.7,69,89,曇時々雨,曇一時雨
2021/8/16,22.9,26.7,20.5,0,0.7,2.6,6.8,南西,9.5,南西,西南西,21.3,61,77,曇,曇後時々雨
2021/8/17,22.4,24.1,19.9,5,0,3.4,6.5,西南西,10.4,西,西南西,22.5,76,83,雨時々曇,曇後時々雨
2021/8/18,24.7,28.8,21.8,2.5,2.8,3.5,6.3,西南西,9.7,西南西,西,24.5,64,79,曇時々雨,晴時々曇後一時雨
2021/8/19,24.8,30,20.5,0.5,2.7,3.3,7.9,西,11.5,西,西,23.1,51,75,曇時々晴後一時雨,曇後時々晴
2021/8/20,25,31.8,19.5,1.5,6,2.3,7.4,西南西,10.8,北西,西,24.1,49,77,晴後曇一時雨,曇後一時雨
2021/8/21,25.6,30.5,21.6,0,3.5,3,5.7,西,8.5,西,西,24.2,53,74,曇後一時雨,曇一時雨
2021/8/22,26.4,32.2,22.2,0.5,6.5,3.2,6.4,西北西,9.5,西,西,24.9,52,73,曇時々晴一時雨、雷を伴う,曇時々雨、雷を伴う
2021/8/23,25.1,30.1,22.4,0,3.6,1.9,4.3,北北西,7.3,東北東,北東,25.3,57,80,曇一時雨,曇一時雨
2021/8/24,24.5,27.7,22,1.5,0.6,3.2,7.3,西北西,10.3,西北西,西,24.4,64,80,曇後一時雨,雨時々曇
2021/8/25,25.6,32.1,21.5,7.5,5,1.7,5.5,西,8.4,西,西北西,27.8,59,86,曇時々雨後一時晴,曇一時雨、雷を伴う
2021/8/26,27.4,33.5,24,0,6.7,2.1,7.5,北北西,11.3,北,東,28.7,55,80,曇時々晴,曇一時雨
2021/8/27,26.9,31.9,23.1,0,11.1,2.3,5.4,北北西,8.9,北,東北東,26.2,55,75,晴,曇後晴
2021/8/28,26,33.1,22.3,0,6.3,2.2,6.4,北北西,10.9,北北西,北,25.8,51,78,晴後曇,曇時々晴
2021/8/29,25.8,31.9,21.8,0,9.6,2.3,6.6,北北西,10.1,北北西,北北東,23.7,53,72,晴一時曇,晴時々曇
2021/8/30,25.5,31.3,21.9,0,7.3,2.2,6.5,北北西,10.8,北西,北,24.8,58,77,晴時々曇,曇
2021/8/31,23.7,27.9,21.2,0,2.8,2.6,6.3,北北西,10.4,北北西,北,21.1,58,72,曇一時雨,曇時々雨一時晴
2021/9/1,18.9,21.4,17.3,9.5,0,1.5,5.5,北,8.2,北,東北東,19,71,87,雨時々曇,雨一時曇
2021/9/2,20.2,25.2,17.8,8.5,0.9,1.5,3.9,北,7.2,北,南,20.7,67,88,曇時々雨,曇一時晴後一時雨
2021/9/3,20.8,24.7,19,3,1.4,3.3,5.5,西南西,9.1,南西,西南西,19.8,67,81,曇一時晴後時々雨,曇一時雨
2021/9/4,20.2,24,18.5,6.5,0.3,2.8,6.6,西南西,9.9,南西,西南西,20.8,71,88,雨時々曇、雷を伴う,曇一時雨
2021/9/5,21.8,26.9,18.3,8,6.4,2.3,5.4,南西,8.6,南西,西南西,20.6,57,80,晴時々曇一時雨、雷を伴う,曇時々雨後一時晴、雷を伴う
2021/9/6,19.9,24.9,16.6,4.5,6.5,2.5,6.2,北東,10.3,北東,西南西,18.6,53,81,晴時々雨一時曇、雷を伴う,晴時々曇
2021/9/7,20.6,26.3,16,0,9.6,4.2,9.5,西,15.1,西,西南西,15.9,44,66,晴後一時曇,曇後一時雨
2021/9/8,18.3,19.7,16.9,11,0,5.1,8.7,西,15,西南西,西南西,17,68,81,雨一時曇,雨一時曇
2021/9/9,21.6,28.4,16.9,5,6.8,2.2,7.4,北北西,10.9,北北西,東北東,21.2,55,83,晴時々曇一時雨,曇一時雨
2021/9/10,23.5,29.7,18.7,0,8.2,1.7,4,北北西,6.5,北北西,北,21,42,74,晴一時雨,曇一時雨
2021/9/11,22.3,27.6,19.5,0,2.7,1.7,6.5,北北西,10,北北西,西,21.6,54,81,曇一時雨後時々晴,曇時々晴一時雨
2021/9/12,20.8,23.5,18.1,0,0.9,1.1,2.4,東北東,4.1,南南西,南西,20.7,71,84,曇,曇
2021/9/13,20.3,26.7,16.6,0,7.9,1.9,4.8,北北西,9.7,北北西,東北東,17,37,73,曇時々晴,曇
2021/9/14,20.4,25.2,16.2,0,1,1.5,4.2,南西,7.6,南南西,西南西,18.7,58,79,曇,曇
2021/9/15,20.6,26.3,17.2,0,8.6,2.5,7.7,北北西,12.1,北北西,北北西,18.2,51,76,晴,曇時々晴
2021/9/16,21.2,27.2,16.3,0,5.4,3.4,7,西南西,11.3,南西,西南西,16.8,45,68,晴時々曇,曇
2021/9/17,21.7,25.3,19.7,0,1.8,5.1,7.4,西南西,12.3,南西,西南西,17.3,56,67,曇後一時雨,雨時々曇
2021/9/18,21.7,25.3,19.9,5.5,0,3.4,7.2,西南西,12.2,北北西,西南西,22.1,71,85,曇時々雨,曇一時雨
2021/9/19,21.6,27.6,17.7,0,11.4,3.3,5.9,北,11.4,北北西,北,18.3,46,72,晴,晴
2021/9/20,21.7,29,15.9,0,7.8,2.3,6.2,西南西,11.4,南西,西南西,17,38,67,晴時々曇一時雨,晴
2021/9/21,23.1,29.3,18.2,0,11.4,4.9,9.1,西南西,14.2,南西,西南西,14.7,31,54,晴,晴
2021/9/22,24,31.9,19.7,4.5,6,2.9,6.6,北北西,10.7,北北西,西,21.3,46,73,曇時々晴一時雨、雷を伴う,曇時々雨後一時晴
2021/9/23,22.6,30,18.7,0,8.1,1.9,6.9,北北西,11.3,北,西南西,19.3,34,73,晴一時曇,曇時々晴
2021/9/24,19.8,26.2,15.5,0,7.9,2.8,8.5,北北西,13.1,北北西,北,16.9,50,74,晴時々曇,曇時々晴
2021/9/25,20.9,27.3,16.3,0,8.2,2.9,6.7,西南西,10.1,西南西,西南西,16.9,46,70,晴時々曇,曇一時雨、雷を伴う
2021/9/26,17.6,19.8,15.8,18,0.7,4.2,6.6,西南西,11.8,南南西,西南西,16.3,70,81,雨時々曇後一時晴,曇時々雨
2021/9/27,19.8,24.9,16.3,0,10.5,4.2,6.3,南西,10.5,南西,西南西,14.8,48,65,晴,曇時々晴
2021/9/28,20.2,25.9,15,0,7,3.9,6.4,南西,9.8,西,西南西,15.4,47,66,晴時々曇,曇時々晴
2021/9/29,21.6,27.7,17.8,0,5.7,4.1,8.2,西,11.4,南西,西南西,17,48,66,曇時々晴,晴
2021/9/30,22.5,27.8,18.3,0,7.9,3.3,6.5,西南西,10.5,南西,西南西,18.5,48,69,晴後曇,曇時々雨
2021/10/1,19.2,21.6,17.4,3.5,0,2.1,5.7,北北西,10.7,北,南西,20.1,72,91,雨時々曇,晴時々雨一時曇
2021/10/2,19.4,25.4,14.4,0,6.4,2.8,9.3,北北西,13.9,北北西,北東,17.6,50,80,晴時々曇一時雨、雷を伴う,晴後時々曇
2021/10/3,18.8,26.3,12.6,0,10.3,1.9,5,西,8.6,西,西南西,13.9,29,67,晴,晴
2021/10/4,20.2,28.2,13.1,0,10.1,1.7,3.7,東北東),6.7,南),南西,15.4,35,67,晴後一時曇,曇時々晴
2021/10/5,20.2,27.5,14.4,0,9.5,1.6,5,北北西,8.5,北北西,南南西,16.7,39,73,晴後時々曇,曇時々晴
2021/10/6,17.8,21.8,15.2,0,2.2,2.8,7.6,北北西,11.9,北北西,北,16.4,65,81,曇一時雨,曇時々晴
2021/10/7,20.5,27.6,15.1,0,10.4,2.4,5.7,西南西,9.7,西南西,西南西,17.4,50,74,晴,晴後一時曇
2021/10/8,20.4,27.3,14.7,0,8.9,1.7,5.5,北,8.8,北,東,18.3,50,78,晴時々曇後一時雨,曇一時晴
2021/10/9,21.9,27.5,19.2,0,3,2.3,6.3,西南西,11.3,西,西南西,19.3,51,74,曇後時々晴,曇一時晴
2021/10/10,22.9,29,19.2,0,9.2,4.7,7.6,西,11.5,西,西南西,17.8,46,65,晴,晴
2021/10/11,20.8,28.8,16,0,10.1,2.6,8.4,北北西,12.9,北北西,南,17.4,43,72,晴後一時曇,曇
2021/10/12,17.6,19.6,16.6,12.5,0,1.4,3.7,北東,5.6,北東,東,17.8,75,88,曇後時々雨,雨時々曇
2021/10/13,17.6,20.6,16.3,10,0.5,1.2,3.1,北西,5.1,北西,東北東,18.6,78,93,雨時々曇,曇時々雨後一時晴
2021/10/14,18.1,23.9,14.8,0,8.9,1.8,5.7,北北西,8.9,北北西,東,15.9,47,78,晴一時曇,曇時々晴
2021/10/15,17.7,23.4,13.4,0,8.1,2.1,6.9,北北西,11.9,北北西,北,15.5,55,78,晴後一時曇,曇一時晴
2021/10/16,20.6,28.8,15.2,3.5,8.7,2.6,6.6,南西,11.1,北北西,東北東,17,37,72,晴後一時曇,雨一時曇
2021/10/17,11.4,15.3,7.4,6.5,3.2,4.3,8,北北東,14.1,北東,東北東,11.4,64,83,曇時々晴一時雨,晴時々曇
2021/10/18,10.5,16.1,5,0,8.9,2.2,5.6,西南西,9.7,南西,東南東,8.8,49,71,晴一時曇,曇
2021/10/19,13.5,19.6,9.3,0,7.5,2.6,5.3,南西,9.4,西南西,西南西,10.5,47,69,晴後時々曇一時雨,曇時々雨
2021/10/20,10.5,15.7,6,0.5,5.6,2.4,7.9,北東,12.9,北西,北北東,9.7,43,77,晴時々雨一時曇,晴時々曇一時雨
2021/10/21,9.3,14.2,5.3,0,6.3,2.3,6.5,北東,10.7,東北東,北東,8.7,52,75,晴時々曇,曇後一時晴
2021/10/22,10.2,15.5,6.9,0,5.6,2.6,9.3,北北西,14.8,北,北,9.1,50,74,曇時々晴,雨時々曇
2021/10/23,8.7,11.9,6.1,0,3.9,2.7,6.9,北,10.6,北,東北東,9.1,65,81,雨時々曇一時晴,曇時々晴一時雨
2021/10/24,9.8,17.1,4.1,0,9.8,2.2,6.7,北北西,9.8,北北西,西,8.7,39,73,晴後一時曇,晴時々曇
2021/10/25,9.8,14.6,5.8,6,0,2.4,7,西北西,10.3,西,南西,10.1,52,84,曇後時々雨,雨
2021/10/26,10.9,15.2,7.9,15,0.9,2,6.9,北,10.8,北北東,西北西,11.4,68,88,曇一時雨,晴時々曇
2021/10/27,11.8,17.5,6.9,0,4.7,1.5,4,東,5.9,北,西南西,11.4,61,84,曇時々晴,晴時々曇
2021/10/28,11.4,17.2,7.3,0,5.5,2.5,7.4,北東,10.8,北東,北,10.7,50,81,晴時々曇,晴後一時雨
2021/10/29,9.9,15.9,5.8,1,5.6,2.5,6.6,北東,11.9,北,北,8.9,41,75,晴一時雨,晴
2021/10/30,9.7,18,2.7,0,9.7,1.6,4.2,東,5.9,北北西,南南東,8.9,43,75,晴,曇一時晴
2021/10/31,10.9,17.2,6.7,0,4.1,0.9,2.2,西,3.3,東南東,東,10.6,53,82,曇後時々晴,晴、霧を伴う
2021/11/1,11.3,17.2,5.7,0,3.5,1.1,3.2,北東,5.3,東北東,東北東,11.3,58,86,曇一時霧後時々晴,曇後時々晴
2021/11/2,12.5,18.9,8.6,0,5.5,2.1,6.5,北北西,12,北,北,11.5,56,80,曇時々晴,晴時々曇
2021/11/3,10,15.7,5.8,0,4.4,1.9,7.2,北東,10.6,北東,北東,10,63,82,曇時々晴一時雨,晴
2021/11/4,9.9,17.3,3.8,0,7.5,2,7.3,北北西,11.1,北,東,9.5,48,79,晴時々曇,晴時々曇
2021/11/5,9.7,16.6,4.8,0,7.6,1.8,5.3,北東,9,北,西,9.3,49,79,晴一時雨,晴
2021/11/6,9.7,17.7,3.7,0,8,1.7,7,北北西,11.4,北北西,東,8.9,42,76,晴時々曇,曇時々晴
2021/11/7,11.4,18.7,5.2,0,9.5,1.9,7.2,西南西,10.7,南西,西南西,9.5,42,72,晴,晴
2021/11/8,14.7,19.3,7.7,0,6.2,4.5,8.7,西南西,13.7,南西,西南西,10.1,45,62,晴後曇,曇後一時雨
2021/11/9,13.5,15.6,11,19,0,4.7,11.2,西,15.6,西,西,12.7,57,82,雨時々曇,曇時々雨
2021/11/10,11.8,16.3,8.2,1,8.6,3.5,7.4,南南西,13.8,南南西,西南西,8.1,28,61,晴時々雨一時曇,晴後一時曇
2021/11/11,10.3,18.1,4.8,0,6.9,2.1,5.7,西南西,9.5,南南西,西南西,7.3,28,62,晴時々曇,晴
2021/11/12,7.6,13.5,3.1,0,5.7,1.7,8.1,西北西,11.5,西南西,西,7.3,37,72,晴時々曇一時雨,晴時々曇
2021/11/13,7.3,14.7,1.8,0,9.3,1.7,5,北北西,8.2,北北西,西,7.1,37,72,晴一時曇,晴後曇
2021/11/14,8.5,16.4,2.2,0,7.7,1.5,4.6,北北西,7.3,北,北北西,7.4,37,70,晴時々曇,晴一時曇
2021/11/15,8.7,16,2.6,0,7.8,1.7,5.4,北北東,8.3,北北東,東北東,8,37,74,晴時々曇,晴後時々曇
2021/11/16,7.9,13.3,4.6,0,3.2,1.7,6.7,北北西,10.6,北北西,東,8.3,48,79,曇一時雨後晴,曇後晴
2021/11/17,7.3,14.7,1.9,0,9.2,1.7,6.4,北北西,9.8,北北西,東南東,7.7,50,77,晴一時曇,曇時々晴
2021/11/18,8.4,16.3,3.7,0,7.5,1.4,4.8,北北西,7.5,北北西,東,7.9,36,74,曇後晴,晴
2021/11/19,8.3,16.1,1.3,0,9.1,1.5,4.8,北北東,8,北,北,7.8,38,74,晴一時曇,晴後曇一時雨
2021/11/20,9.3,15.6,6.6,0,5.7,1.6,5.7,北北西,8.9,北北西,西,8.9,51,77,晴時々曇,曇時々晴
2021/11/21,9.9,14.9,3.8,0,5,2.1,6.8,西,11.6,南西,西南西,8.7,50,72,曇時々晴,曇後時々晴
2021/11/22,11.1,16,7.3,15,0,3.4,8,西北西,11.2,西北西,西南西,11.1,60,84,曇後雨,曇時々晴一時雨
2021/11/23,7.2,13.8,3.7,0,8.4,3.1,8.2,西北西,13.6,南西,西北西,6.6,29,68,晴時々曇,曇一時晴後時々雨
2021/11/24,5.9,9.8,3.2,0,4.6,2.3,8.1,西北西,13.7,西,西,6.3,37,69,雨後曇時々晴,曇
2021/11/25,7.2,15.3,2,2,6,2.6,8.2,南西,13.7,南西,南西,6.7,26,69,晴後一時雨,雨時々曇
2021/11/26,7,12,3.7,0,7.4,1.8,5.7,北,8.8,東,西北西,7.9,56,80,晴時々曇後一時雨,曇時々晴後雨一時みぞれ
2021/11/27,2,5.1,-0.1,12.5,2.2,1.9,6.6,西,11.1,西,東北東,6.5,67,92,みぞれ時々雨一時雪、雷を伴う,みぞれ時々曇、雷・霧を伴う
2021/11/28,2.3,7.1,-0.5,0,6.6,1.4,4.2,東北東,6.3,東北東,東北東,6.5,67,90,晴時々曇,晴後時々曇、霧を伴う
2021/11/29,1.4,8.3,-2.2,0,4.1,0.9,2.2,東,4.1,南,北西,5.7,56,85,曇時々晴,晴後時々霧一時曇
2021/11/30,6.3,14.8,-3.1,0,6.8,2.2,6.8,南西,12.4,南西,南西,6.5,43,71,晴時々曇一時霧,曇後時々雨
2021/12/1,9.1,14.1,3.3,19,4.9,4.4,8.3,西,12.5,西,西北西,8.1,33,69,晴時々曇一時雨,曇時々晴一時雪
2021/12/2,3.5,8.6,-0.3,0,8.7,2.1,5.3,北,8,北,東北東,5.3,37,70,晴一時曇,晴
2021/12/3,4.1,13.3,-2.2,0,8.7,1.4,5.9,北,8.1,北北西,東北東,5.4,27,69,晴一時曇,曇時々晴一時みぞれ
2021/12/4,4.6,9.7,1,0,5.7,2.2,5.4,東北東,8.4,東北東,東北東,6.5,57,77,晴時々雨一時曇、みぞれを伴う,曇時々晴一時雪
2021/12/5,2.1,6.7,-1.1,0,4.1,1.8,4.6,東,7.1,東,北北東,5.4,50,77,晴時々曇,晴
2021/12/6,3.3,6.7,-2.1,0,0,1.3,2.9,東,5,南南西,北北東,7.2,79,90,雨時々曇一時雪、みぞれを伴う,曇一時晴後雨
2021/12/7,6.7,7.8,5.4,21.5,0,1.1,3,東北東,4.5,東北東,東北東,9.7,94,98,雨,雨
2021/12/8,7.5,9.2,6.1,24.5,0,2,4.9,北,9.7,北,北,9.7,83,94,雨,雨時々曇一時晴
2021/12/9,6.8,12.4,2.6,0,7.5,1.6,4.4,東,6.3,東,西,8.1,54,83,晴一時雨,晴後曇
2021/12/10,5.2,12.3,0.7,0,4.8,1.3,4.2,北東,7.2,北北東,東北東,7.1,53,82,曇時々晴,晴、霧を伴う
2021/12/11,3.6,10,-0.3,0,4,1.1,2.2,南南西,3.6,南南西,東南東,7.1,62,90,曇一時霧後晴,晴時々曇
2021/12/12,6.1,12.6,0.4,0,5.5,1.1,2.4,東南東,3.4,東南東,東,7.9,54,85,晴時々曇後一時雨、霧を伴う,雨時々曇一時晴、みぞれを伴う
2021/12/13,2.8,6.6,-0.4,0,7.6,3.8,8.1,東,13.1,東北東,東北東,6,66,80,みぞれ一時雨後晴,晴時々曇
2021/12/14,1.5,7.4,-2.7,0,8.8,1.3,3.6,東北東,5.2,北東,西,5.2,53,77,晴時々曇,晴時々曇
2021/12/15,2.6,10.2,-2.9,0,5.9,1.3,3.4,東,5.8,東北東,北東,5.7,49,78,晴時々曇,曇時々晴
2021/12/16,3.5,9.2,-1.4,0,4.2,1.2,2.7,西北西,4.3,南南西,西,6.1,54,79,曇時々晴,晴時々曇後雨
2021/12/17,3.7,9.3,-2.4,14.5,0.8,2.2,11.5,北,18.6,北北東,北東,7.3,61,91,雨時々曇,雪一時雨、みぞれを伴う
2021/12/18,-3.4,-0.5,-6.7,6,3.3,1.6,5.3,東北東,7.7,北東,東北東,4.3,69,90,雪後曇時々晴,晴後時々曇
2021/12/19,-3.5,-0.9,-7,1.5,0,0.9,3,西南西,4.2,西南西,東北東,4.5,84,94,雪時々曇,雪時々曇一時晴、霧を伴う
2021/12/20,0.2,4.5,-2.2,0,5.4,1.1,2.6,東,3.9,東,東北東,5.8,75,94,曇一時雪後晴、霧を伴う,晴一時曇後霧
2021/12/21,0.8,5.6,-1.7,0,3.6,1,2.9,東北東,4.3,南西,東南東,6.1,74,95,霧後晴一時曇,晴後曇時々みぞれ一時雨
2021/12/22,1.7,4.3,-1.1,0,2.6,3,6.5,北東,10,北,北東,5.8,63,84,みぞれ時々曇一時雪,晴
2021/12/23,1.3,6.6,-2.9,0,8.6,1.6,4.7,西南西,6.1,西南西,東北東,4.8,44,73,晴時々曇,晴時々曇
2021/12/24,2.7,8.6,-2.7,0,NaN,1.3,2.8,南西,4.2,東北東,東,5.6,49,77,晴時々曇,曇後雨
2021/12/25,1.1,4.2,-3.8,0,0.2,3.1,6.5,東,12.6,北,北東,5.8,68,86,みぞれ一時雨後曇時々雪,晴時々曇一時雪
2021/12/26,-4,-2.6,-5.8,0.5,0.1,2.5,5.1,東,7.5,北東,東北東,4,79,88,雪時々曇,曇時々雪
2021/12/27,-3.3,-0.3,-6.2,0,1.6,1.1,3.8,東,5.5,東北東,東北東,4.1,61,85,曇時々雪,雪時々曇
2021/12/28,-2,1.7,-5.3,2,5.9,2.3,6,東北東,8.2,東北東,東北東,4.4,64,84,晴時々曇一時雪,晴後一時曇
2021/12/29,-1.3,5.8,-8,0,8.2,1.3,3.5,南南西,6,南南西,南南西,4.2,47,76,晴一時曇,晴後曇一時雪
2021/12/30,0,2,-1.9,7,0.2,1.4,4,東,6.6,東,東,5.9,86,96,みぞれ時々曇一時雪、雷を伴う,曇時々雪一時みぞれ
2021/12/31,-3.3,-0.5,-5.3,4.5,0,2.5,5.1,東,7.6,北東,東北東,4.4,59,92,雪時々曇,曇時々雪